term,sessionPeriod,sessionTimes,meetingTimes,sessionType,docUrl,htmlUrl,
08,01,01,null,02,https://lci.ly.gov.tw/LyLCEW/agendarec1/04/word/08/01/01/LCEWC03_080101.doc,https://lci.ly.gov.tw/LyLCEW/jsp/ldad000.jsp?irKey=&htmlType=agenda&fileName=html/agendarec1/04/08/01/01/LCEWC03_080101.htm,
08,01,01,01,03,https://lci.ly.gov.tw/LyLCEW/agendarec1/03/word/08/01/01/LCEWC03_080101.doc,https://lci.ly.gov.tw/LyLCEW/jsp/ldad000.jsp?irKey=&htmlType=agenda&fileName=html/agendarec1/03/08/01/01/LCEWC03_080101.htm,
08,01,01,null,04,https://lci.ly.gov.tw/LyLCEW/agendarec1/04/word/08/01/01/LCEWC03_080101.doc,https://lci.ly.gov.tw/LyLCEW/jsp/ldad000.jsp?irKey=&htmlType=agenda&fileName=html/agendarec1/04/08/01/01/LCEWC03_080101.htm,
08,01,02,null,02,https://lci.ly.gov.tw/LyLCEW/agendarec1/04/word/08/01/02/LCEWC03_080102.doc,https://lci.ly.gov.tw/LyLCEW/jsp/ldad000.jsp?irKey=&htmlType=agenda&fileName=html/agendarec1/04/08/01/02/LCEWC03_080102.htm,
08,01,02,null,04,https://lci.ly.gov.tw/LyLCEW/agendarec1/04/word/08/01/02/LCEWC03_080102.doc,https://lci.ly.gov.tw/LyLCEW/jsp/ldad000.jsp?irKey=&htmlType=agenda&fileName=html/agendarec1/04/08/01/02/LCEWC03_080102.htm,
08,01,03,null,02,https://lci.ly.gov.tw/LyLCEW/agendarec1/02/word/08/01/03/LCEWC03_080103.doc,https://lci.ly.gov.tw/LyLCEW/jsp/ldad000.jsp?irKey=&htmlType=agenda&fileName=html/agendarec1/02/08/01/03/LCEWC03_080103.htm,
08,01,04,null,02,https://lci.ly.gov.tw/LyLCEW/agendarec1/02/word/08/01/04/LCEWC03_080104.doc,https://lci.ly.gov.tw/LyLCEW/jsp/ldad000.jsp?irKey=&htmlType=agenda&fileName=html/agendarec1/02/08/01/04/LCEWC03_080104.htm,
08,01,05,null,02,https://lci.ly.gov.tw/LyLCEW/agendarec1/02/word/08/01/05/LCEWC03_080105.doc,https://lci.ly.gov.tw/LyLCEW/jsp/ldad000.jsp?irKey=&htmlType=agenda&fileName=html/agendarec1/02/08/01/05/LCEWC03_080105.htm,
08,01,06,null,02,https://lci.ly.gov.tw/LyLCEW/agendarec1/02/word/08/01/06/LCEWC03_080106.doc,https://lci.ly.gov.tw/LyLCEW/jsp/ldad000.jsp?irKey=&htmlType=agenda&fileName=html/agendarec1/02/08/01/06/LCEWC03_080106.htm,
08,01,07,null,02,https://lci.ly.gov.tw/LyLCEW/agendarec1/02/word/08/01/07/LCEWC03_080107.doc,https://lci.ly.gov.tw/LyLCEW/jsp/ldad000.jsp?irKey=&htmlType=agenda&fileName=html/agendarec1/02/08/01/07/LCEWC03_080107.htm,
08,01,08,null,02,https://lci.ly.gov.tw/LyLCEW/agendarec1/02/word/08/01/08/LCEWC03_080108.doc,https://lci.ly.gov.tw/LyLCEW/jsp/ldad000.jsp?irKey=&htmlType=agenda&fileName=html/agendarec1/02/08/01/08/LCEWC03_080108.htm,
08,01,09,null,02,https://lci.ly.gov.tw/LyLCEW/agendarec1/02/word/08/01/09/LCEWC03_080109.doc,https://lci.ly.gov.tw/LyLCEW/jsp/ldad000.jsp?irKey=&htmlType=agenda&fileName=html/agendarec1/02/08/01/09/LCEWC03_080109.htm,
08,01,10,null,02,https://lci.ly.gov.tw/LyLCEW/agendarec1/02/word/08/01/10/LCEWC03_080110.doc,https://lci.ly.gov.tw/LyLCEW/jsp/ldad000.jsp?irKey=&htmlType=agenda&fileName=html/agendarec1/02/08/01/10/LCEWC03_080110.htm,
08,01,11,null,02,https://lci.ly.gov.tw/LyLCEW/agendarec1/02/word/08/01/11/LCEWC03_080111.doc,https://lci.ly.gov.tw/LyLCEW/jsp/ldad000.jsp?irKey=&htmlType=agenda&fileName=html/agendarec1/02/08/01/11/LCEWC03_080111.htm,
08,01,12,null,02,https://lci.ly.gov.tw/LyLCEW/agendarec1/02/word/08/01/12/LCEWC03_080112.doc,https://lci.ly.gov.tw/LyLCEW/jsp/ldad000.jsp?irKey=&htmlType=agenda&fileName=html/agendarec1/02/08/01/12/LCEWC03_080112.htm,
08,01,13,null,02,https://lci.ly.gov.tw/LyLCEW/agendarec1/02/word/08/01/13/LCEWC03_080113.doc,https://lci.ly.gov.tw/LyLCEW/jsp/ldad000.jsp?irKey=&htmlType=agenda&fileName=html/agendarec1/02/08/01/13/LCEWC03_080113.htm,
08,01,14,null,02,https://lci.ly.gov.tw/LyLCEW/agendarec1/02/word/08/01/14/LCEWC03_080114.doc,https://lci.ly.gov.tw/LyLCEW/jsp/ldad000.jsp?irKey=&htmlType=agenda&fileName=html/agendarec1/02/08/01/14/LCEWC03_080114.htm,
08,01,15,null,02,https://lci.ly.gov.tw/LyLCEW/agendarec1/02/word/08/01/15/LCEWC03_080115.doc,https://lci.ly.gov.tw/LyLCEW/jsp/ldad000.jsp?irKey=&htmlType=agenda&fileName=html/agendarec1/02/08/01/15/LCEWC03_080115.htm,
08,02,01,null,02,https://lci.ly.gov.tw/LyLCEW/agendarec1/02/word/08/02/01/LCEWC03_080201.doc,https://lci.ly.gov.tw/LyLCEW/jsp/ldad000.jsp?irKey=&htmlType=agenda&fileName=html/agendarec1/02/08/02/01/LCEWC03_080201.htm,
08,02,02,null,02,https://lci.ly.gov.tw/LyLCEW/agendarec1/02/word/08/02/02/LCEWC03_080202.doc,https://lci.ly.gov.tw/LyLCEW/jsp/ldad000.jsp?irKey=&htmlType=agenda&fileName=html/agendarec1/02/08/02/02/LCEWC03_080202.htm,
08,02,03,null,02,https://lci.ly.gov.tw/LyLCEW/agendarec1/02/word/08/02/03/LCEWC03_080203.doc,https://lci.ly.gov.tw/LyLCEW/jsp/ldad000.jsp?irKey=&htmlType=agenda&fileName=html/agendarec1/02/08/02/03/LCEWC03_080203.htm,
08,02,04,null,02,https://lci.ly.gov.tw/LyLCEW/agendarec1/02/word/08/02/04/LCEWC03_080204.doc,https://lci.ly.gov.tw/LyLCEW/jsp/ldad000.jsp?irKey=&htmlType=agenda&fileName=html/agendarec1/02/08/02/04/LCEWC03_080204.htm,
08,02,05,null,02,https://lci.ly.gov.tw/LyLCEW/agendarec1/02/word/08/02/05/LCEWC03_080205.doc,https://lci.ly.gov.tw/LyLCEW/jsp/ldad000.jsp?irKey=&htmlType=agenda&fileName=html/agendarec1/02/08/02/05/LCEWC03_080205.htm,
08,02,06,null,02,https://lci.ly.gov.tw/LyLCEW/agendarec1/02/word/08/02/06/LCEWC03_080206.doc,https://lci.ly.gov.tw/LyLCEW/jsp/ldad000.jsp?irKey=&htmlType=agenda&fileName=html/agendarec1/02/08/02/06/LCEWC03_080206.htm,
08,02,07,null,02,https://lci.ly.gov.tw/LyLCEW/agendarec1/02/word/08/02/07/LCEWC03_080207.doc,https://lci.ly.gov.tw/LyLCEW/jsp/ldad000.jsp?irKey=&htmlType=agenda&fileName=html/agendarec1/02/08/02/07/LCEWC03_080207.htm,
08,02,08,null,02,https://lci.ly.gov.tw/LyLCEW/agendarec1/02/word/08/02/08/LCEWC03_080208.doc,https://lci.ly.gov.tw/LyLCEW/jsp/ldad000.jsp?irKey=&htmlType=agenda&fileName=html/agendarec1/02/08/02/08/LCEWC03_080208.htm,
08,02,09,null,02,https://lci.ly.gov.tw/LyLCEW/agendarec1/02/word/08/02/09/LCEWC03_080209.doc,https://lci.ly.gov.tw/LyLCEW/jsp/ldad000.jsp?irKey=&htmlType=agenda&fileName=html/agendarec1/02/08/02/09/LCEWC03_080209.htm,
08,02,10,null,02,https://lci.ly.gov.tw/LyLCEW/agendarec1/02/word/08/02/10/LCEWC03_080210.doc,https://lci.ly.gov.tw/LyLCEW/jsp/ldad000.jsp?irKey=&htmlType=agenda&fileName=html/agendarec1/02/08/02/10/LCEWC03_080210.htm,
08,02,11,null,02,https://lci.ly.gov.tw/LyLCEW/agendarec1/02/word/08/02/11/LCEWC03_080211.doc,https://lci.ly.gov.tw/LyLCEW/jsp/ldad000.jsp?irKey=&htmlType=agenda&fileName=html/agendarec1/02/08/02/11/LCEWC03_080211.htm,
08,02,12,null,02,https://lci.ly.gov.tw/LyLCEW/agendarec1/02/word/08/02/12/LCEWC03_080212.doc,https://lci.ly.gov.tw/LyLCEW/jsp/ldad000.jsp?irKey=&htmlType=agenda&fileName=html/agendarec1/02/08/02/12/LCEWC03_080212.htm,
08,02,13,null,02,https://lci.ly.gov.tw/LyLCEW/agendarec1/02/word/08/02/13/LCEWC03_080213.doc,https://lci.ly.gov.tw/LyLCEW/jsp/ldad000.jsp?irKey=&htmlType=agenda&fileName=html/agendarec1/02/08/02/13/LCEWC03_080213.htm,
08,02,14,null,02,https://lci.ly.gov.tw/LyLCEW/agendarec1/02/word/08/02/14/LCEWC03_080214.doc,https://lci.ly.gov.tw/LyLCEW/jsp/ldad000.jsp?irKey=&htmlType=agenda&fileName=html/agendarec1/02/08/02/14/LCEWC03_080214.htm,
08,02,15,null,02,https://lci.ly.gov.tw/LyLCEW/agendarec1/02/word/08/02/15/LCEWC03_080215.doc,https://lci.ly.gov.tw/LyLCEW/jsp/ldad000.jsp?irKey=&htmlType=agenda&fileName=html/agendarec1/02/08/02/15/LCEWC03_080215.htm,
08,02,16,null,02,https://lci.ly.gov.tw/LyLCEW/agendarec1/02/word/08/02/16/LCEWC03_080216.doc,https://lci.ly.gov.tw/LyLCEW/jsp/ldad000.jsp?irKey=&htmlType=agenda&fileName=html/agendarec1/02/08/02/16/LCEWC03_080216.htm,
08,02,17,null,02,https://lci.ly.gov.tw/LyLCEW/agendarec1/02/word/08/02/17/LCEWC03_080217.doc,https://lci.ly.gov.tw/LyLCEW/jsp/ldad000.jsp?irKey=&htmlType=agenda&fileName=html/agendarec1/02/08/02/17/LCEWC03_080217.htm,
08,03,01,null,01,https://lci.ly.gov.tw/LyLCEW/agendarec1/01/word/08/03/01/LCEWC03_080301.doc,https://lci.ly.gov.tw/LyLCEW/jsp/ldad000.jsp?irKey=&htmlType=agenda&fileName=html/agendarec1/01/08/03/01/LCEWC03_080301.htm,
08,03,01,null,02,https://lci.ly.gov.tw/LyLCEW/agendarec1/02/word/08/03/01/LCEWC03_080301.doc,https://lci.ly.gov.tw/LyLCEW/jsp/ldad000.jsp?irKey=&htmlType=agenda&fileName=html/agendarec1/02/08/03/01/LCEWC03_080301.htm,
08,03,01,01,03,https://lci.ly.gov.tw/LyLCEW/agendarec1/03/word/08/03/01/01/LCEWC03_080301.doc,https://lci.ly.gov.tw/LyLCEW/jsp/ldad000.jsp?irKey=&htmlType=agenda&fileName=html/agendarec1/03/08/03/01/01/LCEWC03_080301.htm,
08,03,01,02,03,https://lci.ly.gov.tw/LyLCEW/agendarec1/03/word/08/03/01/02/LCEWC03_08030102.doc,https://lci.ly.gov.tw/LyLCEW/jsp/ldad000.jsp?irKey=&htmlType=agenda&fileName=html/agendarec1/03/08/03/01/02/LCEWC03_08030102.htm,
08,03,01,null,04,https://lci.ly.gov.tw/LyLCEW/agendarec1/04/word/08/03/01/LCEWC03_080301.doc,https://lci.ly.gov.tw/LyLCEW/jsp/ldad000.jsp?irKey=&htmlType=agenda&fileName=html/agendarec1/04/08/03/01/LCEWC03_080301.htm,
08,03,02,null,02,https://lci.ly.gov.tw/LyLCEW/agendarec1/02/word/08/03/02/LCEWC03_080302.doc,https://lci.ly.gov.tw/LyLCEW/jsp/ldad000.jsp?irKey=&htmlType=agenda&fileName=html/agendarec1/02/08/03/02/LCEWC03_080302.htm,
08,03,02,01,03,https://lci.ly.gov.tw/LyLCEW/agendarec1/03/word/08/03/02/01/LCEWC03_08030201.doc,https://lci.ly.gov.tw/LyLCEW/jsp/ldad000.jsp?irKey=&htmlType=agenda&fileName=html/agendarec1/03/08/03/02/01/LCEWC03_08030201.htm,
08,03,02,null,04,https://lci.ly.gov.tw/LyLCEW/agendarec1/04/word/08/03/02/LCEWC03_080302.doc,https://lci.ly.gov.tw/LyLCEW/jsp/ldad000.jsp?irKey=&htmlType=agenda&fileName=html/agendarec1/04/08/03/02/LCEWC03_080302.htm,
08,03,03,null,02,https://lci.ly.gov.tw/LyLCEW/agendarec1/02/word/08/03/03/LCEWC03_080303.doc,https://lci.ly.gov.tw/LyLCEW/jsp/ldad000.jsp?irKey=&htmlType=agenda&fileName=html/agendarec1/02/08/03/03/LCEWC03_080303.htm,
08,03,04,null,02,https://lci.ly.gov.tw/LyLCEW/agendarec1/02/word/08/03/04/LCEWC03_080304.doc,https://lci.ly.gov.tw/LyLCEW/jsp/ldad000.jsp?irKey=&htmlType=agenda&fileName=html/agendarec1/02/08/03/04/LCEWC03_080304.htm,
08,03,05,null,02,https://lci.ly.gov.tw/LyLCEW/agendarec1/02/word/08/03/05/LCEWC03_080305.doc,https://lci.ly.gov.tw/LyLCEW/jsp/ldad000.jsp?irKey=&htmlType=agenda&fileName=html/agendarec1/02/08/03/05/LCEWC03_080305.htm,
08,03,06,null,02,https://lci.ly.gov.tw/LyLCEW/agendarec1/02/word/08/03/06/LCEWC03_080306.doc,https://lci.ly.gov.tw/LyLCEW/jsp/ldad000.jsp?irKey=&htmlType=agenda&fileName=html/agendarec1/02/08/03/06/LCEWC03_080306.htm,
08,03,07,null,02,https://lci.ly.gov.tw/LyLCEW/agendarec1/02/word/08/03/07/LCEWC03_080307.doc,https://lci.ly.gov.tw/LyLCEW/jsp/ldad000.jsp?irKey=&htmlType=agenda&fileName=html/agendarec1/02/08/03/07/LCEWC03_080307.htm,
08,03,08,null,02,https://lci.ly.gov.tw/LyLCEW/agendarec1/02/word/08/03/08/LCEWC03_080308.doc,https://lci.ly.gov.tw/LyLCEW/jsp/ldad000.jsp?irKey=&htmlType=agenda&fileName=html/agendarec1/02/08/03/08/LCEWC03_080308.htm,
08,03,09,null,02,https://lci.ly.gov.tw/LyLCEW/agendarec1/02/word/08/03/09/LCEWC03_080309.doc,https://lci.ly.gov.tw/LyLCEW/jsp/ldad000.jsp?irKey=&htmlType=agenda&fileName=html/agendarec1/02/08/03/09/LCEWC03_080309.htm,
08,03,10,null,02,https://lci.ly.gov.tw/LyLCEW/agendarec1/02/word/08/03/10/LCEWC03_080310.doc,https://lci.ly.gov.tw/LyLCEW/jsp/ldad000.jsp?irKey=&htmlType=agenda&fileName=html/agendarec1/02/08/03/10/LCEWC03_080310.htm,
08,03,11,null,02,https://lci.ly.gov.tw/LyLCEW/agendarec1/02/word/08/03/11/LCEWC03_080311.doc,https://lci.ly.gov.tw/LyLCEW/jsp/ldad000.jsp?irKey=&htmlType=agenda&fileName=html/agendarec1/02/08/03/11/LCEWC03_080311.htm,
08,03,12,null,02,https://lci.ly.gov.tw/LyLCEW/agendarec1/02/word/08/03/12/LCEWC03_080312.doc,https://lci.ly.gov.tw/LyLCEW/jsp/ldad000.jsp?irKey=&htmlType=agenda&fileName=html/agendarec1/02/08/03/12/LCEWC03_080312.htm,
08,03,13,null,02,https://lci.ly.gov.tw/LyLCEW/agendarec1/02/word/08/03/13/LCEWC03_080313.doc,https://lci.ly.gov.tw/LyLCEW/jsp/ldad000.jsp?irKey=&htmlType=agenda&fileName=html/agendarec1/02/08/03/13/LCEWC03_080313.htm,
08,03,14,null,02,https://lci.ly.gov.tw/LyLCEW/agendarec1/02/word/08/03/14/LCEWC03_080314.doc,https://lci.ly.gov.tw/LyLCEW/jsp/ldad000.jsp?irKey=&htmlType=agenda&fileName=html/agendarec1/02/08/03/14/LCEWC03_080314.htm,
08,03,15,null,02,https://lci.ly.gov.tw/LyLCEW/agendarec1/02/word/08/03/15/LCEWC03_080315.doc,https://lci.ly.gov.tw/LyLCEW/jsp/ldad000.jsp?irKey=&htmlType=agenda&fileName=html/agendarec1/02/08/03/15/LCEWC03_080315.htm,
08,04,01,null,01,https://lci.ly.gov.tw/LyLCEW/agendarec1/01/word/08/04/01/LCEWC03_080401.doc,https://lci.ly.gov.tw/LyLCEW/jsp/ldad000.jsp?irKey=&htmlType=agenda&fileName=html/agendarec1/01/08/04/01/LCEWC03_080401.htm,
08,04,01,null,02,https://lci.ly.gov.tw/LyLCEW/agendarec1/04/word/08/04/01/LCEWC03_080401.doc,https://lci.ly.gov.tw/LyLCEW/jsp/ldad000.jsp?irKey=&htmlType=agenda&fileName=html/agendarec1/04/08/04/01/LCEWC03_080401.htm,
08,04,01,01,03,https://lci.ly.gov.tw/LyLCEW/agendarec1/03/word/08/04/01/01/LCEWC03_08040101.doc,https://lci.ly.gov.tw/LyLCEW/jsp/ldad000.jsp?irKey=&htmlType=agenda&fileName=html/agendarec1/03/08/04/01/01/LCEWC03_08040101.htm,
08,04,01,null,04,https://lci.ly.gov.tw/LyLCEW/agendarec1/04/word/08/04/01/LCEWC03_080401.doc,https://lci.ly.gov.tw/LyLCEW/jsp/ldad000.jsp?irKey=&htmlType=agenda&fileName=html/agendarec1/04/08/04/01/LCEWC03_080401.htm,
08,04,01,01,05,https://lci.ly.gov.tw/LyLCEW/agendarec1/05/word/08/04/01/01/LCEWC03_08040101.doc,https://lci.ly.gov.tw/LyLCEW/jsp/ldad000.jsp?irKey=&htmlType=agenda&fileName=html/agendarec1/05/08/04/01/01/LCEWC03_08040101.htm,
08,04,02,null,01,https://lci.ly.gov.tw/LyLCEW/agendarec1/01/word/08/04/02/LCEWC03_080402.doc,https://lci.ly.gov.tw/LyLCEW/jsp/ldad000.jsp?irKey=&htmlType=agenda&fileName=html/agendarec1/01/08/04/02/LCEWC03_080402.htm,
08,04,02,null,02,https://lci.ly.gov.tw/LyLCEW/agendarec1/02/word/08/04/02/LCEWC03_080402.doc,https://lci.ly.gov.tw/LyLCEW/jsp/ldad000.jsp?irKey=&htmlType=agenda&fileName=html/agendarec1/02/08/04/02/LCEWC03_080402.htm,
08,04,03,null,02,https://lci.ly.gov.tw/LyLCEW/agendarec1/02/word/08/04/03/LCEWC03_080403.doc,https://lci.ly.gov.tw/LyLCEW/jsp/ldad000.jsp?irKey=&htmlType=agenda&fileName=html/agendarec1/02/08/04/03/LCEWC03_080403.htm,
08,04,04,null,02,https://lci.ly.gov.tw/LyLCEW/agendarec1/02/word/08/04/04/LCEWC03_080404.doc,https://lci.ly.gov.tw/LyLCEW/jsp/ldad000.jsp?irKey=&htmlType=agenda&fileName=html/agendarec1/02/08/04/04/LCEWC03_080404.htm,
08,04,05,null,02,https://lci.ly.gov.tw/LyLCEW/agendarec1/02/word/08/04/05/LCEWC03_080405.doc,https://lci.ly.gov.tw/LyLCEW/jsp/ldad000.jsp?irKey=&htmlType=agenda&fileName=html/agendarec1/02/08/04/05/LCEWC03_080405.htm,
08,04,06,null,02,https://lci.ly.gov.tw/LyLCEW/agendarec1/02/word/08/04/06/LCEWC03_080406.doc,https://lci.ly.gov.tw/LyLCEW/jsp/ldad000.jsp?irKey=&htmlType=agenda&fileName=html/agendarec1/02/08/04/06/LCEWC03_080406.htm,
08,04,07,null,02,https://lci.ly.gov.tw/LyLCEW/agendarec1/02/word/08/04/07/LCEWC03_080407.doc,https://lci.ly.gov.tw/LyLCEW/jsp/ldad000.jsp?irKey=&htmlType=agenda&fileName=html/agendarec1/02/08/04/07/LCEWC03_080407.htm,
08,04,08,null,02,https://lci.ly.gov.tw/LyLCEW/agendarec1/02/word/08/04/08/LCEWC03_080408.doc,https://lci.ly.gov.tw/LyLCEW/jsp/ldad000.jsp?irKey=&htmlType=agenda&fileName=html/agendarec1/02/08/04/08/LCEWC03_080408.htm,
08,04,09,null,02,https://lci.ly.gov.tw/LyLCEW/agendarec1/02/word/08/04/09/LCEWC03_080409.doc,https://lci.ly.gov.tw/LyLCEW/jsp/ldad000.jsp?irKey=&htmlType=agenda&fileName=html/agendarec1/02/08/04/09/LCEWC03_080409.htm,
08,04,10,null,02,https://lci.ly.gov.tw/LyLCEW/agendarec1/02/word/08/04/10/LCEWC03_080410.doc,https://lci.ly.gov.tw/LyLCEW/jsp/ldad000.jsp?irKey=&htmlType=agenda&fileName=html/agendarec1/02/08/04/10/LCEWC03_080410.htm,
08,04,11,null,02,https://lci.ly.gov.tw/LyLCEW/agendarec1/02/word/08/04/11/LCEWC03_080411.doc,https://lci.ly.gov.tw/LyLCEW/jsp/ldad000.jsp?irKey=&htmlType=agenda&fileName=html/agendarec1/02/08/04/11/LCEWC03_080411.htm,
08,04,12,null,02,https://lci.ly.gov.tw/LyLCEW/agendarec1/02/word/08/04/12/LCEWC03_080412.doc,https://lci.ly.gov.tw/LyLCEW/jsp/ldad000.jsp?irKey=&htmlType=agenda&fileName=html/agendarec1/02/08/04/12/LCEWC03_080412.htm,
08,04,13,null,02,https://lci.ly.gov.tw/LyLCEW/agendarec1/02/word/08/04/13/LCEWC03_080413.doc,https://lci.ly.gov.tw/LyLCEW/jsp/ldad000.jsp?irKey=&htmlType=agenda&fileName=html/agendarec1/02/08/04/13/LCEWC03_080413.htm,
08,04,14,null,02,https://lci.ly.gov.tw/LyLCEW/agendarec1/02/word/08/04/14/LCEWC03_080414.doc,https://lci.ly.gov.tw/LyLCEW/jsp/ldad000.jsp?irKey=&htmlType=agenda&fileName=html/agendarec1/02/08/04/14/LCEWC03_080414.htm,
08,04,15,null,02,https://lci.ly.gov.tw/LyLCEW/agendarec1/02/word/08/04/15/LCEWC03_080415.doc,https://lci.ly.gov.tw/LyLCEW/jsp/ldad000.jsp?irKey=&htmlType=agenda&fileName=html/agendarec1/02/08/04/15/LCEWC03_080415.htm,
08,04,16,null,02,https://lci.ly.gov.tw/LyLCEW/agendarec1/02/word/08/04/16/LCEWC03_080416.doc,https://lci.ly.gov.tw/LyLCEW/jsp/ldad000.jsp?irKey=&htmlType=agenda&fileName=html/agendarec1/02/08/04/16/LCEWC03_080416.htm,
08,04,17,null,02,https://lci.ly.gov.tw/LyLCEW/agendarec1/02/word/08/04/17/LCEWC03_080417.doc,https://lci.ly.gov.tw/LyLCEW/jsp/ldad000.jsp?irKey=&htmlType=agenda&fileName=html/agendarec1/02/08/04/17/LCEWC03_080417.htm,
08,04,18,null,02,https://lci.ly.gov.tw/LyLCEW/agendarec1/02/word/08/04/18/LCEWC03_080418.doc,https://lci.ly.gov.tw/LyLCEW/jsp/ldad000.jsp?irKey=&htmlType=agenda&fileName=html/agendarec1/02/08/04/18/LCEWC03_080418.htm,
08,05,01,null,02,https://lci.ly.gov.tw/LyLCEW/agendarec1/04/word/08/05/01/LCEWC03_080501.doc,https://lci.ly.gov.tw/LyLCEW/jsp/ldad000.jsp?irKey=&htmlType=agenda&fileName=html/agendarec1/04/08/05/01/LCEWC03_080501.htm,
08,05,01,01,03,https://lci.ly.gov.tw/LyLCEW/agendarec1/03/word/08/05/01/01/LCEWC03_08050101.doc,https://lci.ly.gov.tw/LyLCEW/jsp/ldad000.jsp?irKey=&htmlType=agenda&fileName=html/agendarec1/03/08/05/01/01/LCEWC03_08050101.htm,
08,05,01,02,03,https://lci.ly.gov.tw/LyLCEW/agendarec1/03/word/08/05/01/02/LCEWC03_08050102.doc,https://lci.ly.gov.tw/LyLCEW/jsp/ldad000.jsp?irKey=&htmlType=agenda&fileName=html/agendarec1/03/08/05/01/02/LCEWC03_08050102.htm,
08,05,01,03,03,https://lci.ly.gov.tw/LyLCEW/agendarec1/03/word/08/05/01/03/LCEWC03_08050103.doc,https://lci.ly.gov.tw/LyLCEW/jsp/ldad000.jsp?irKey=&htmlType=agenda&fileName=html/agendarec1/03/08/05/01/03/LCEWC03_08050103.htm,
08,05,01,04,03,https://lci.ly.gov.tw/LyLCEW/agendarec1/03/word/08/05/01/04/LCEWC03_08050104.doc,https://lci.ly.gov.tw/LyLCEW/jsp/ldad000.jsp?irKey=&htmlType=agenda&fileName=html/agendarec1/03/08/05/01/04/LCEWC03_08050104.htm,
08,05,01,05,03,https://lci.ly.gov.tw/LyLCEW/agendarec1/03/word/08/05/01/05/LCEWC03_08050105.doc,https://lci.ly.gov.tw/LyLCEW/jsp/ldad000.jsp?irKey=&htmlType=agenda&fileName=html/agendarec1/03/08/05/01/05/LCEWC03_08050105.htm,
08,05,01,null,04,https://lci.ly.gov.tw/LyLCEW/agendarec1/04/word/08/05/01/LCEWC03_080501.doc,https://lci.ly.gov.tw/LyLCEW/jsp/ldad000.jsp?irKey=&htmlType=agenda&fileName=html/agendarec1/04/08/05/01/LCEWC03_080501.htm,
08,05,01,01,05,https://lci.ly.gov.tw/LyLCEW/agendarec1/05/word/08/05/01/01/LCEWC03_08050101.doc,https://lci.ly.gov.tw/LyLCEW/jsp/ldad000.jsp?irKey=&htmlType=agenda&fileName=html/agendarec1/05/08/05/01/01/LCEWC03_08050101.htm,
08,05,01,02,05,https://lci.ly.gov.tw/LyLCEW/agendarec1/05/word/08/05/01/02/LCEWC03_08050102.doc,https://lci.ly.gov.tw/LyLCEW/jsp/ldad000.jsp?irKey=&htmlType=agenda&fileName=html/agendarec1/05/08/05/01/02/LCEWC03_08050102.htm,
08,05,02,null,02,https://lci.ly.gov.tw/LyLCEW/agendarec1/02/word/08/05/02/LCEWC03_080502.doc,https://lci.ly.gov.tw/LyLCEW/jsp/ldad000.jsp?irKey=&htmlType=agenda&fileName=html/agendarec1/02/08/05/02/LCEWC03_080502.htm,
08,05,02,01,03,https://lci.ly.gov.tw/LyLCEW/agendarec1/03/word/08/05/02/01/LCEWC03_08050201.doc,https://lci.ly.gov.tw/LyLCEW/jsp/ldad000.jsp?irKey=&htmlType=agenda&fileName=html/agendarec1/03/08/05/02/01/LCEWC03_08050201.htm,
08,05,02,02,03,https://lci.ly.gov.tw/LyLCEW/agendarec1/03/word/08/05/02/02/LCEWC03_08050202.doc,https://lci.ly.gov.tw/LyLCEW/jsp/ldad000.jsp?irKey=&htmlType=agenda&fileName=html/agendarec1/03/08/05/02/02/LCEWC03_08050202.htm,
08,05,02,03,03,https://lci.ly.gov.tw/LyLCEW/agendarec1/03/word/08/05/02/03/LCEWC03_08050203.doc,https://lci.ly.gov.tw/LyLCEW/jsp/ldad000.jsp?irKey=&htmlType=agenda&fileName=html/agendarec1/03/08/05/02/03/LCEWC03_08050203.htm,
08,05,02,null,04,https://lci.ly.gov.tw/LyLCEW/agendarec1/04/word/08/05/02/LCEWC03_080502.doc,https://lci.ly.gov.tw/LyLCEW/jsp/ldad000.jsp?irKey=&htmlType=agenda&fileName=html/agendarec1/04/08/05/02/LCEWC03_080502.htm,
08,05,03,null,02,https://lci.ly.gov.tw/LyLCEW/agendarec1/02/word/08/05/03/LCEWC03_080503.doc,https://lci.ly.gov.tw/LyLCEW/jsp/ldad000.jsp?irKey=&htmlType=agenda&fileName=html/agendarec1/02/08/05/03/LCEWC03_080503.htm,
08,05,04,null,02,https://lci.ly.gov.tw/LyLCEW/agendarec1/02/word/08/05/04/LCEWC03_080504.doc,https://lci.ly.gov.tw/LyLCEW/jsp/ldad000.jsp?irKey=&htmlType=agenda&fileName=html/agendarec1/02/08/05/04/LCEWC03_080504.htm,
08,05,05,null,02,https://lci.ly.gov.tw/LyLCEW/agendarec1/02/word/08/05/05/LCEWC03_080505.doc,https://lci.ly.gov.tw/LyLCEW/jsp/ldad000.jsp?irKey=&htmlType=agenda&fileName=html/agendarec1/02/08/05/05/LCEWC03_080505.htm,
08,05,06,null,02,https://lci.ly.gov.tw/LyLCEW/agendarec1/02/word/08/05/06/LCEWC03_080506.doc,https://lci.ly.gov.tw/LyLCEW/jsp/ldad000.jsp?irKey=&htmlType=agenda&fileName=html/agendarec1/02/08/05/06/LCEWC03_080506.htm,
08,05,07,null,02,https://lci.ly.gov.tw/LyLCEW/agendarec1/02/word/08/05/07/LCEWC03_080507.doc,https://lci.ly.gov.tw/LyLCEW/jsp/ldad000.jsp?irKey=&htmlType=agenda&fileName=html/agendarec1/02/08/05/07/LCEWC03_080507.htm,
08,05,08,null,02,https://lci.ly.gov.tw/LyLCEW/agendarec1/02/word/08/05/08/LCEWC03_080508.doc,https://lci.ly.gov.tw/LyLCEW/jsp/ldad000.jsp?irKey=&htmlType=agenda&fileName=html/agendarec1/02/08/05/08/LCEWC03_080508.htm,
08,05,09,null,02,https://lci.ly.gov.tw/LyLCEW/agendarec1/02/word/08/05/09/LCEWC03_080509.doc,https://lci.ly.gov.tw/LyLCEW/jsp/ldad000.jsp?irKey=&htmlType=agenda&fileName=html/agendarec1/02/08/05/09/LCEWC03_080509.htm,
08,05,10,null,02,https://lci.ly.gov.tw/LyLCEW/agendarec1/02/word/08/05/10/LCEWC03_080510.doc,https://lci.ly.gov.tw/LyLCEW/jsp/ldad000.jsp?irKey=&htmlType=agenda&fileName=html/agendarec1/02/08/05/10/LCEWC03_080510.htm,
08,05,11,null,02,https://lci.ly.gov.tw/LyLCEW/agendarec1/02/word/08/05/11/LCEWC03_080511.doc,https://lci.ly.gov.tw/LyLCEW/jsp/ldad000.jsp?irKey=&htmlType=agenda&fileName=html/agendarec1/02/08/05/11/LCEWC03_080511.htm,
08,05,12,null,02,https://lci.ly.gov.tw/LyLCEW/agendarec1/02/word/08/05/12/LCEWC03_080512.doc,https://lci.ly.gov.tw/LyLCEW/jsp/ldad000.jsp?irKey=&htmlType=agenda&fileName=html/agendarec1/02/08/05/12/LCEWC03_080512.htm,
08,06,01,null,02,https://lci.ly.gov.tw/LyLCEW/agendarec1/02/word/08/06/01/LCEWC03_080601.doc,https://lci.ly.gov.tw/LyLCEW/jsp/ldad000.jsp?irKey=&htmlType=agenda&fileName=html/agendarec1/02/08/06/01/LCEWC03_080601.htm,
08,06,02,null,02,https://lci.ly.gov.tw/LyLCEW/agendarec1/02/word/08/06/02/LCEWC03_080602.doc,https://lci.ly.gov.tw/LyLCEW/jsp/ldad000.jsp?irKey=&htmlType=agenda&fileName=html/agendarec1/02/08/06/02/LCEWC03_080602.htm,
08,06,03,null,02,https://lci.ly.gov.tw/LyLCEW/agendarec1/02/word/08/06/03/LCEWC03_080603.doc,https://lci.ly.gov.tw/LyLCEW/jsp/ldad000.jsp?irKey=&htmlType=agenda&fileName=html/agendarec1/02/08/06/03/LCEWC03_080603.htm,
08,06,04,null,02,https://lci.ly.gov.tw/LyLCEW/agendarec1/02/word/08/06/04/LCEWC03_080604.doc,https://lci.ly.gov.tw/LyLCEW/jsp/ldad000.jsp?irKey=&htmlType=agenda&fileName=html/agendarec1/02/08/06/04/LCEWC03_080604.htm,
08,06,05,null,02,https://lci.ly.gov.tw/LyLCEW/agendarec1/02/word/08/06/05/LCEWC03_080605.doc,https://lci.ly.gov.tw/LyLCEW/jsp/ldad000.jsp?irKey=&htmlType=agenda&fileName=html/agendarec1/02/08/06/05/LCEWC03_080605.htm,
08,06,06,null,02,https://lci.ly.gov.tw/LyLCEW/agendarec1/02/word/08/06/06/LCEWC03_080606.doc,https://lci.ly.gov.tw/LyLCEW/jsp/ldad000.jsp?irKey=&htmlType=agenda&fileName=html/agendarec1/02/08/06/06/LCEWC03_080606.htm,
08,06,07,null,02,https://lci.ly.gov.tw/LyLCEW/agendarec1/02/word/08/06/07/LCEWC03_080607.doc,https://lci.ly.gov.tw/LyLCEW/jsp/ldad000.jsp?irKey=&htmlType=agenda&fileName=html/agendarec1/02/08/06/07/LCEWC03_080607.htm,
08,06,08,null,02,https://lci.ly.gov.tw/LyLCEW/agendarec1/02/word/08/06/08/LCEWC03_080608.doc,https://lci.ly.gov.tw/LyLCEW/jsp/ldad000.jsp?irKey=&htmlType=agenda&fileName=html/agendarec1/02/08/06/08/LCEWC03_080608.htm,
08,06,09,null,02,https://lci.ly.gov.tw/LyLCEW/agendarec1/02/word/08/06/09/LCEWC03_080609.doc,https://lci.ly.gov.tw/LyLCEW/jsp/ldad000.jsp?irKey=&htmlType=agenda&fileName=html/agendarec1/02/08/06/09/LCEWC03_080609.htm,
08,06,10,null,02,https://lci.ly.gov.tw/LyLCEW/agendarec1/02/word/08/06/10/LCEWC03_080610.doc,https://lci.ly.gov.tw/LyLCEW/jsp/ldad000.jsp?irKey=&htmlType=agenda&fileName=html/agendarec1/02/08/06/10/LCEWC03_080610.htm,
08,06,11,null,02,https://lci.ly.gov.tw/LyLCEW/agendarec1/02/word/08/06/11/LCEWC03_080611.doc,https://lci.ly.gov.tw/LyLCEW/jsp/ldad000.jsp?irKey=&htmlType=agenda&fileName=html/agendarec1/02/08/06/11/LCEWC03_080611.htm,
08,06,12,null,02,https://lci.ly.gov.tw/LyLCEW/agendarec1/02/word/08/06/12/LCEWC03_080612.doc,https://lci.ly.gov.tw/LyLCEW/jsp/ldad000.jsp?irKey=&htmlType=agenda&fileName=html/agendarec1/02/08/06/12/LCEWC03_080612.htm,
08,06,13,null,02,https://lci.ly.gov.tw/LyLCEW/agendarec1/02/word/08/06/13/LCEWC03_080613.doc,https://lci.ly.gov.tw/LyLCEW/jsp/ldad000.jsp?irKey=&htmlType=agenda&fileName=html/agendarec1/02/08/06/13/LCEWC03_080613.htm,
08,06,14,null,02,https://lci.ly.gov.tw/LyLCEW/agendarec1/02/word/08/06/14/LCEWC03_080614.doc,https://lci.ly.gov.tw/LyLCEW/jsp/ldad000.jsp?irKey=&htmlType=agenda&fileName=html/agendarec1/02/08/06/14/LCEWC03_080614.htm,
08,06,15,null,02,https://lci.ly.gov.tw/LyLCEW/agendarec1/02/word/08/06/15/LCEWC03_080615.doc,https://lci.ly.gov.tw/LyLCEW/jsp/ldad000.jsp?irKey=&htmlType=agenda&fileName=html/agendarec1/02/08/06/15/LCEWC03_080615.htm,
08,06,16,null,02,https://lci.ly.gov.tw/LyLCEW/agendarec1/02/word/08/06/16/LCEWC03_080616.doc,https://lci.ly.gov.tw/LyLCEW/jsp/ldad000.jsp?irKey=&htmlType=agenda&fileName=html/agendarec1/02/08/06/16/LCEWC03_080616.htm,
08,06,17,null,02,https://lci.ly.gov.tw/LyLCEW/agendarec1/02/word/08/06/17/LCEWC03_080617.doc,https://lci.ly.gov.tw/LyLCEW/jsp/ldad000.jsp?irKey=&htmlType=agenda&fileName=html/agendarec1/02/08/06/17/LCEWC03_080617.htm,
08,06,18,null,02,https://lci.ly.gov.tw/LyLCEW/agendarec1/02/word/08/06/18/LCEWC03_080618.doc,https://lci.ly.gov.tw/LyLCEW/jsp/ldad000.jsp?irKey=&htmlType=agenda&fileName=html/agendarec1/02/08/06/18/LCEWC03_080618.htm,
08,06,19,null,02,https://lci.ly.gov.tw/LyLCEW/agendarec1/02/word/08/06/19/LCEWC03_080619.doc,https://lci.ly.gov.tw/LyLCEW/jsp/ldad000.jsp?irKey=&htmlType=agenda&fileName=html/agendarec1/02/08/06/19/LCEWC03_080619.htm,
08,07,01,null,02,https://lci.ly.gov.tw/LyLCEW/agendarec1/02/word/08/07/01/LCEWC03_080701.doc,https://lci.ly.gov.tw/LyLCEW/jsp/ldad000.jsp?irKey=&htmlType=agenda&fileName=html/agendarec1/02/08/07/01/LCEWC03_080701.htm,
08,07,01,null,04,https://lci.ly.gov.tw/LyLCEW/agendarec1/04/word/08/07/01/LCEWC03_080701.doc,https://lci.ly.gov.tw/LyLCEW/jsp/ldad000.jsp?irKey=&htmlType=agenda&fileName=html/agendarec1/04/08/07/01/LCEWC03_080701.htm,
08,07,02,null,02,https://lci.ly.gov.tw/LyLCEW/agendarec1/02/word/08/07/02/LCEWC03_080702.doc,https://lci.ly.gov.tw/LyLCEW/jsp/ldad000.jsp?irKey=&htmlType=agenda&fileName=html/agendarec1/02/08/07/02/LCEWC03_080702.htm,
08,07,03,null,02,https://lci.ly.gov.tw/LyLCEW/agendarec1/02/word/08/07/03/LCEWC03_080703.doc,https://lci.ly.gov.tw/LyLCEW/jsp/ldad000.jsp?irKey=&htmlType=agenda&fileName=html/agendarec1/02/08/07/03/LCEWC03_080703.htm,
08,07,04,null,02,https://lci.ly.gov.tw/LyLCEW/agendarec1/02/word/08/07/04/LCEWC03_080704.doc,https://lci.ly.gov.tw/LyLCEW/jsp/ldad000.jsp?irKey=&htmlType=agenda&fileName=html/agendarec1/02/08/07/04/LCEWC03_080704.htm,
08,07,05,null,02,https://lci.ly.gov.tw/LyLCEW/agendarec1/02/word/08/07/05/LCEWC03_080705.doc,https://lci.ly.gov.tw/LyLCEW/jsp/ldad000.jsp?irKey=&htmlType=agenda&fileName=html/agendarec1/02/08/07/05/LCEWC03_080705.htm,
08,07,06,null,02,https://lci.ly.gov.tw/LyLCEW/agendarec1/02/word/08/07/06/LCEWC03_080706.doc,https://lci.ly.gov.tw/LyLCEW/jsp/ldad000.jsp?irKey=&htmlType=agenda&fileName=html/agendarec1/02/08/07/06/LCEWC03_080706.htm,
08,07,07,null,02,https://lci.ly.gov.tw/LyLCEW/agendarec1/02/word/08/07/07/LCEWC03_080707.doc,https://lci.ly.gov.tw/LyLCEW/jsp/ldad000.jsp?irKey=&htmlType=agenda&fileName=html/agendarec1/02/08/07/07/LCEWC03_080707.htm,
08,07,08,null,02,https://lci.ly.gov.tw/LyLCEW/agendarec1/02/word/08/07/08/LCEWC03_080708.doc,https://lci.ly.gov.tw/LyLCEW/jsp/ldad000.jsp?irKey=&htmlType=agenda&fileName=html/agendarec1/02/08/07/08/LCEWC03_080708.htm,
08,07,09,null,02,https://lci.ly.gov.tw/LyLCEW/agendarec1/02/word/08/07/09/LCEWC03_080709.doc,https://lci.ly.gov.tw/LyLCEW/jsp/ldad000.jsp?irKey=&htmlType=agenda&fileName=html/agendarec1/02/08/07/09/LCEWC03_080709.htm,
08,07,10,null,02,https://lci.ly.gov.tw/LyLCEW/agendarec1/02/word/08/07/10/LCEWC03_080710.doc,https://lci.ly.gov.tw/LyLCEW/jsp/ldad000.jsp?irKey=&htmlType=agenda&fileName=html/agendarec1/02/08/07/10/LCEWC03_080710.htm,
08,07,11,null,02,https://lci.ly.gov.tw/LyLCEW/agendarec1/02/word/08/07/11/LCEWC03_080711.doc,https://lci.ly.gov.tw/LyLCEW/jsp/ldad000.jsp?irKey=&htmlType=agenda&fileName=html/agendarec1/02/08/07/11/LCEWC03_080711.htm,
08,07,12,null,02,https://lci.ly.gov.tw/LyLCEW/agendarec1/02/word/08/07/12/LCEWC03_080712.doc,https://lci.ly.gov.tw/LyLCEW/jsp/ldad000.jsp?irKey=&htmlType=agenda&fileName=html/agendarec1/02/08/07/12/LCEWC03_080712.htm,
08,07,13,null,02,https://lci.ly.gov.tw/LyLCEW/agendarec1/02/word/08/07/13/LCEWC03_080713.doc,https://lci.ly.gov.tw/LyLCEW/jsp/ldad000.jsp?irKey=&htmlType=agenda&fileName=html/agendarec1/02/08/07/13/LCEWC03_080713.htm,
08,07,14,null,02,https://lci.ly.gov.tw/LyLCEW/agendarec1/02/word/08/07/14/LCEWC03_080714.doc,https://lci.ly.gov.tw/LyLCEW/jsp/ldad000.jsp?irKey=&htmlType=agenda&fileName=html/agendarec1/02/08/07/14/LCEWC03_080714.htm,
08,07,15,null,02,https://lci.ly.gov.tw/LyLCEW/agendarec1/02/word/08/07/15/LCEWC03_080715.doc,https://lci.ly.gov.tw/LyLCEW/jsp/ldad000.jsp?irKey=&htmlType=agenda&fileName=html/agendarec1/02/08/07/15/LCEWC03_080715.htm,
08,07,16,null,02,https://lci.ly.gov.tw/LyLCEW/agendarec1/02/word/08/07/16/LCEWC03_080716.doc,https://lci.ly.gov.tw/LyLCEW/jsp/ldad000.jsp?irKey=&htmlType=agenda&fileName=html/agendarec1/02/08/07/16/LCEWC03_080716.htm,
08,08,01,null,02,https://lci.ly.gov.tw/LyLCEW/agendarec1/02/word/08/08/01/LCEWC03_080801.doc,https://lci.ly.gov.tw/LyLCEW/jsp/ldad000.jsp?irKey=&htmlType=agenda&fileName=html/agendarec1/02/08/08/01/LCEWC03_080801.htm,
08,08,02,null,02,https://lci.ly.gov.tw/LyLCEW/agendarec1/02/word/08/08/02/LCEWC03_080802.doc,https://lci.ly.gov.tw/LyLCEW/jsp/ldad000.jsp?irKey=&htmlType=agenda&fileName=html/agendarec1/02/08/08/02/LCEWC03_080802.htm,
08,08,03,null,02,https://lci.ly.gov.tw/LyLCEW/agendarec1/02/word/08/08/03/LCEWC03_080803.doc,https://lci.ly.gov.tw/LyLCEW/jsp/ldad000.jsp?irKey=&htmlType=agenda&fileName=html/agendarec1/02/08/08/03/LCEWC03_080803.htm,
08,08,04,null,02,https://lci.ly.gov.tw/LyLCEW/agendarec1/02/word/08/08/04/LCEWC03_080804.doc,https://lci.ly.gov.tw/LyLCEW/jsp/ldad000.jsp?irKey=&htmlType=agenda&fileName=html/agendarec1/02/08/08/04/LCEWC03_080804.htm,
08,08,05,null,02,https://lci.ly.gov.tw/LyLCEW/agendarec1/02/word/08/08/05/LCEWC03_080805.doc,https://lci.ly.gov.tw/LyLCEW/jsp/ldad000.jsp?irKey=&htmlType=agenda&fileName=html/agendarec1/02/08/08/05/LCEWC03_080805.htm,
08,08,06,null,02,https://lci.ly.gov.tw/LyLCEW/agendarec1/02/word/08/08/06/LCEWC03_080806.doc,https://lci.ly.gov.tw/LyLCEW/jsp/ldad000.jsp?irKey=&htmlType=agenda&fileName=html/agendarec1/02/08/08/06/LCEWC03_080806.htm,
08,08,07,null,02,https://lci.ly.gov.tw/LyLCEW/agendarec1/02/word/08/08/07/LCEWC03_080807.doc,https://lci.ly.gov.tw/LyLCEW/jsp/ldad000.jsp?irKey=&htmlType=agenda&fileName=html/agendarec1/02/08/08/07/LCEWC03_080807.htm,
08,08,08,null,02,https://lci.ly.gov.tw/LyLCEW/agendarec1/02/word/08/08/08/LCEWC03_080808.doc,https://lci.ly.gov.tw/LyLCEW/jsp/ldad000.jsp?irKey=&htmlType=agenda&fileName=html/agendarec1/02/08/08/08/LCEWC03_080808.htm,
08,08,09,null,02,https://lci.ly.gov.tw/LyLCEW/agendarec1/02/word/08/08/09/LCEWC03_080809.doc,https://lci.ly.gov.tw/LyLCEW/jsp/ldad000.jsp?irKey=&htmlType=agenda&fileName=html/agendarec1/02/08/08/09/LCEWC03_080809.htm,
08,08,10,null,02,https://lci.ly.gov.tw/LyLCEW/agendarec1/02/word/08/08/10/LCEWC03_080810.doc,https://lci.ly.gov.tw/LyLCEW/jsp/ldad000.jsp?irKey=&htmlType=agenda&fileName=html/agendarec1/02/08/08/10/LCEWC03_080810.htm,
08,08,11,null,02,https://lci.ly.gov.tw/LyLCEW/agendarec1/02/word/08/08/11/LCEWC03_080811.doc,https://lci.ly.gov.tw/LyLCEW/jsp/ldad000.jsp?irKey=&htmlType=agenda&fileName=html/agendarec1/02/08/08/11/LCEWC03_080811.htm,
08,08,12,null,02,https://lci.ly.gov.tw/LyLCEW/agendarec1/02/word/08/08/12/LCEWC03_080812.doc,https://lci.ly.gov.tw/LyLCEW/jsp/ldad000.jsp?irKey=&htmlType=agenda&fileName=html/agendarec1/02/08/08/12/LCEWC03_080812.htm,
08,08,13,null,02,https://lci.ly.gov.tw/LyLCEW/agendarec1/02/word/08/08/13/LCEWC03_080813.doc,https://lci.ly.gov.tw/LyLCEW/jsp/ldad000.jsp?irKey=&htmlType=agenda&fileName=html/agendarec1/02/08/08/13/LCEWC03_080813.htm,
08,08,14,null,02,https://lci.ly.gov.tw/LyLCEW/agendarec1/02/word/08/08/14/LCEWC03_080814.doc,https://lci.ly.gov.tw/LyLCEW/jsp/ldad000.jsp?irKey=&htmlType=agenda&fileName=html/agendarec1/02/08/08/14/LCEWC03_080814.htm,
09,01,01,null,02,https://lci.ly.gov.tw/LyLCEW/agendarec1/02/word/09/01/01/LCEWC03_090101.doc,https://lci.ly.gov.tw/LyLCEW/jsp/ldad000.jsp?irKey=&htmlType=agenda&fileName=html/agendarec1/02/09/01/01/LCEWC03_090101.htm,
09,01,01,01,03,https://lci.ly.gov.tw/LyLCEW/agendarec1/03/word/09/01/01/01/LCEWC03_09010101.doc,https://lci.ly.gov.tw/LyLCEW/jsp/ldad000.jsp?irKey=&htmlType=agenda&fileName=html/agendarec1/03/09/01/01/01/LCEWC03_09010101.htm,
09,01,01,null,04,https://lci.ly.gov.tw/LyLCEW/agendarec1/04/word/09/01/01/LCEWC03_090101.doc,https://lci.ly.gov.tw/LyLCEW/jsp/ldad000.jsp?irKey=&htmlType=agenda&fileName=html/agendarec1/04/09/01/01/LCEWC03_090101.htm,
09,01,02,null,02,https://lci.ly.gov.tw/LyLCEW/agendarec1/02/word/09/01/02/LCEWC03_090102.doc,https://lci.ly.gov.tw/LyLCEW/jsp/ldad000.jsp?irKey=&htmlType=agenda&fileName=html/agendarec1/02/09/01/02/LCEWC03_090102.htm,
09,01,03,null,02,https://lci.ly.gov.tw/LyLCEW/agendarec1/02/word/09/01/03/LCEWC03_090103.doc,https://lci.ly.gov.tw/LyLCEW/jsp/ldad000.jsp?irKey=&htmlType=agenda&fileName=html/agendarec1/02/09/01/03/LCEWC03_090103.htm,
09,01,04,null,02,https://lci.ly.gov.tw/LyLCEW/agendarec1/02/word/09/01/04/LCEWC03_090104.doc,https://lci.ly.gov.tw/LyLCEW/jsp/ldad000.jsp?irKey=&htmlType=agenda&fileName=html/agendarec1/02/09/01/04/LCEWC03_090104.htm,
09,01,05,null,02,https://lci.ly.gov.tw/LyLCEW/agendarec1/02/word/09/01/05/LCEWC03_090105.doc,https://lci.ly.gov.tw/LyLCEW/jsp/ldad000.jsp?irKey=&htmlType=agenda&fileName=html/agendarec1/02/09/01/05/LCEWC03_090105.htm,
09,01,06,null,02,https://lci.ly.gov.tw/LyLCEW/agendarec1/02/word/09/01/06/LCEWC03_090106.doc,https://lci.ly.gov.tw/LyLCEW/jsp/ldad000.jsp?irKey=&htmlType=agenda&fileName=html/agendarec1/02/09/01/06/LCEWC03_090106.htm,
09,01,07,null,02,https://lci.ly.gov.tw/LyLCEW/agendarec1/02/word/09/01/07/LCEWC03_090107.doc,https://lci.ly.gov.tw/LyLCEW/jsp/ldad000.jsp?irKey=&htmlType=agenda&fileName=html/agendarec1/02/09/01/07/LCEWC03_090107.htm,
09,01,08,null,02,https://lci.ly.gov.tw/LyLCEW/agendarec1/02/word/09/01/08/LCEWC03_090108.doc,https://lci.ly.gov.tw/LyLCEW/jsp/ldad000.jsp?irKey=&htmlType=agenda&fileName=html/agendarec1/02/09/01/08/LCEWC03_090108.htm,
09,01,09,null,02,https://lci.ly.gov.tw/LyLCEW/agendarec1/02/word/09/01/09/LCEWC03_090109.doc,https://lci.ly.gov.tw/LyLCEW/jsp/ldad000.jsp?irKey=&htmlType=agenda&fileName=html/agendarec1/02/09/01/09/LCEWC03_090109.htm,
09,01,10,null,02,https://lci.ly.gov.tw/LyLCEW/agendarec1/02/word/09/01/10/LCEWC03_090110.doc,https://lci.ly.gov.tw/LyLCEW/jsp/ldad000.jsp?irKey=&htmlType=agenda&fileName=html/agendarec1/02/09/01/10/LCEWC03_090110.htm,
09,01,11,null,02,https://lci.ly.gov.tw/LyLCEW/agendarec1/02/word/09/01/11/LCEWC03_090111.doc,https://lci.ly.gov.tw/LyLCEW/jsp/ldad000.jsp?irKey=&htmlType=agenda&fileName=html/agendarec1/02/09/01/11/LCEWC03_090111.htm,
09,01,12,null,02,https://lci.ly.gov.tw/LyLCEW/agendarec1/02/word/09/01/12/LCEWC03_090112.doc,https://lci.ly.gov.tw/LyLCEW/jsp/ldad000.jsp?irKey=&htmlType=agenda&fileName=html/agendarec1/02/09/01/12/LCEWC03_090112.htm,
09,01,13,null,02,https://lci.ly.gov.tw/LyLCEW/agendarec1/02/word/09/01/13/LCEWC03_090113.doc,https://lci.ly.gov.tw/LyLCEW/jsp/ldad000.jsp?irKey=&htmlType=agenda&fileName=html/agendarec1/02/09/01/13/LCEWC03_090113.htm,
09,01,14,null,02,https://lci.ly.gov.tw/LyLCEW/agendarec1/02/word/09/01/14/LCEWC03_090114.doc,https://lci.ly.gov.tw/LyLCEW/jsp/ldad000.jsp?irKey=&htmlType=agenda&fileName=html/agendarec1/02/09/01/14/LCEWC03_090114.htm,
09,01,15,null,02,https://lci.ly.gov.tw/LyLCEW/agendarec1/02/word/09/01/15/LCEWC03_090115.doc,https://lci.ly.gov.tw/LyLCEW/jsp/ldad000.jsp?irKey=&htmlType=agenda&fileName=html/agendarec1/02/09/01/15/LCEWC03_090115.htm,
09,01,16,null,02,https://lci.ly.gov.tw/LyLCEW/agendarec1/02/word/09/01/16/LCEWC03_090116.doc,https://lci.ly.gov.tw/LyLCEW/jsp/ldad000.jsp?irKey=&htmlType=agenda&fileName=html/agendarec1/02/09/01/16/LCEWC03_090116.htm,
09,01,17,null,02,https://lci.ly.gov.tw/LyLCEW/agendarec1/02/word/09/01/17/LCEWC03_090117.doc,https://lci.ly.gov.tw/LyLCEW/jsp/ldad000.jsp?irKey=&htmlType=agenda&fileName=html/agendarec1/02/09/01/17/LCEWC03_090117.htm,
09,01,18,null,02,https://lci.ly.gov.tw/LyLCEW/agendarec1/02/word/09/01/18/LCEWC03_090118.doc,https://lci.ly.gov.tw/LyLCEW/jsp/ldad000.jsp?irKey=&htmlType=agenda&fileName=html/agendarec1/02/09/01/18/LCEWC03_090118.htm,
09,01,19,null,02,https://lci.ly.gov.tw/LyLCEW/agendarec1/02/word/09/01/19/LCEWC03_090119.doc,https://lci.ly.gov.tw/LyLCEW/jsp/ldad000.jsp?irKey=&htmlType=agenda&fileName=html/agendarec1/02/09/01/19/LCEWC03_090119.htm,
09,01,20,null,02,https://lci.ly.gov.tw/LyLCEW/agendarec1/02/word/09/01/20/LCEWC03_090120.doc,https://lci.ly.gov.tw/LyLCEW/jsp/ldad000.jsp?irKey=&htmlType=agenda&fileName=html/agendarec1/02/09/01/20/LCEWC03_090120.htm,
09,01,21,null,02,https://lci.ly.gov.tw/LyLCEW/agendarec1/02/word/09/01/21/LCEWC03_090121.doc,https://lci.ly.gov.tw/LyLCEW/jsp/ldad000.jsp?irKey=&htmlType=agenda&fileName=html/agendarec1/02/09/01/21/LCEWC03_090121.htm,
09,02,00,null,04,https://lci.ly.gov.tw/LyLCEW/agendarec1/04/word/09/02/00/LCEWC03_090200.doc,https://lci.ly.gov.tw/LyLCEW/jsp/ldad000.jsp?irKey=&htmlType=agenda&fileName=html/agendarec1/04/09/02/00/LCEWC03_090200.htm,
09,02,01,null,02,https://lci.ly.gov.tw/LyLCEW/agendarec1/02/word/09/02/01/LCEWC03_090201.doc,https://lci.ly.gov.tw/LyLCEW/jsp/ldad000.jsp?irKey=&htmlType=agenda&fileName=html/agendarec1/02/09/02/01/LCEWC03_090201.htm,
09,02,01,01,03,https://lci.ly.gov.tw/LyLCEW/agendarec1/03/word/09/02/01/01/LCEWC03_09020101.doc,https://lci.ly.gov.tw/LyLCEW/jsp/ldad000.jsp?irKey=&htmlType=agenda&fileName=html/agendarec1/03/09/02/01/01/LCEWC03_09020101.htm,
09,02,01,02,03,https://lci.ly.gov.tw/LyLCEW/agendarec1/03/word/09/02/01/02/LCEWC03_09020102.doc,https://lci.ly.gov.tw/LyLCEW/jsp/ldad000.jsp?irKey=&htmlType=agenda&fileName=html/agendarec1/03/09/02/01/02/LCEWC03_09020102.htm,
09,02,02,null,02,https://lci.ly.gov.tw/LyLCEW/agendarec1/02/word/09/02/02/LCEWC03_090202.doc,https://lci.ly.gov.tw/LyLCEW/jsp/ldad000.jsp?irKey=&htmlType=agenda&fileName=html/agendarec1/02/09/02/02/LCEWC03_090202.htm,
09,02,03,null,02,https://lci.ly.gov.tw/LyLCEW/agendarec1/02/word/09/02/03/LCEWC03_090203.doc,https://lci.ly.gov.tw/LyLCEW/jsp/ldad000.jsp?irKey=&htmlType=agenda&fileName=html/agendarec1/02/09/02/03/LCEWC03_090203.htm,
09,02,04,null,02,https://lci.ly.gov.tw/LyLCEW/agendarec1/02/word/09/02/04/LCEWC03_090204.doc,https://lci.ly.gov.tw/LyLCEW/jsp/ldad000.jsp?irKey=&htmlType=agenda&fileName=html/agendarec1/02/09/02/04/LCEWC03_090204.htm,
09,02,05,null,02,https://lci.ly.gov.tw/LyLCEW/agendarec1/02/word/09/02/05/LCEWC03_090205.doc,https://lci.ly.gov.tw/LyLCEW/jsp/ldad000.jsp?irKey=&htmlType=agenda&fileName=html/agendarec1/02/09/02/05/LCEWC03_090205.htm,
09,02,06,null,02,https://lci.ly.gov.tw/LyLCEW/agendarec1/02/word/09/02/06/LCEWC03_090206.doc,https://lci.ly.gov.tw/LyLCEW/jsp/ldad000.jsp?irKey=&htmlType=agenda&fileName=html/agendarec1/02/09/02/06/LCEWC03_090206.htm,
09,02,07,null,02,https://lci.ly.gov.tw/LyLCEW/agendarec1/02/word/09/02/07/LCEWC03_090207.doc,https://lci.ly.gov.tw/LyLCEW/jsp/ldad000.jsp?irKey=&htmlType=agenda&fileName=html/agendarec1/02/09/02/07/LCEWC03_090207.htm,
09,02,08,null,02,https://lci.ly.gov.tw/LyLCEW/agendarec1/02/word/09/02/08/LCEWC03_090208.doc,https://lci.ly.gov.tw/LyLCEW/jsp/ldad000.jsp?irKey=&htmlType=agenda&fileName=html/agendarec1/02/09/02/08/LCEWC03_090208.htm,
09,02,09,null,02,https://lci.ly.gov.tw/LyLCEW/agendarec1/02/word/09/02/09/LCEWC03_090209.doc,https://lci.ly.gov.tw/LyLCEW/jsp/ldad000.jsp?irKey=&htmlType=agenda&fileName=html/agendarec1/02/09/02/09/LCEWC03_090209.htm,
09,02,10,null,02,https://lci.ly.gov.tw/LyLCEW/agendarec1/02/word/09/02/10/LCEWC03_090210.doc,https://lci.ly.gov.tw/LyLCEW/jsp/ldad000.jsp?irKey=&htmlType=agenda&fileName=html/agendarec1/02/09/02/10/LCEWC03_090210.htm,
09,02,11,null,02,https://lci.ly.gov.tw/LyLCEW/agendarec1/02/word/09/02/11/LCEWC03_090211.doc,https://lci.ly.gov.tw/LyLCEW/jsp/ldad000.jsp?irKey=&htmlType=agenda&fileName=html/agendarec1/02/09/02/11/LCEWC03_090211.htm,
09,02,12,null,02,https://lci.ly.gov.tw/LyLCEW/agendarec1/02/word/09/02/12/LCEWC03_090212.doc,https://lci.ly.gov.tw/LyLCEW/jsp/ldad000.jsp?irKey=&htmlType=agenda&fileName=html/agendarec1/02/09/02/12/LCEWC03_090212.htm,
09,02,13,null,02,https://lci.ly.gov.tw/LyLCEW/agendarec1/02/word/09/02/13/LCEWC03_090213.doc,https://lci.ly.gov.tw/LyLCEW/jsp/ldad000.jsp?irKey=&htmlType=agenda&fileName=html/agendarec1/02/09/02/13/LCEWC03_090213.htm,
09,02,14,null,02,https://lci.ly.gov.tw/LyLCEW/agendarec1/02/word/09/02/14/LCEWC03_090214.doc,https://lci.ly.gov.tw/LyLCEW/jsp/ldad000.jsp?irKey=&htmlType=agenda&fileName=html/agendarec1/02/09/02/14/LCEWC03_090214.htm,
09,02,15,null,02,https://lci.ly.gov.tw/LyLCEW/agendarec1/02/word/09/02/15/LCEWC03_090215.doc,https://lci.ly.gov.tw/LyLCEW/jsp/ldad000.jsp?irKey=&htmlType=agenda&fileName=html/agendarec1/02/09/02/15/LCEWC03_090215.htm,
09,02,16,null,02,https://lci.ly.gov.tw/LyLCEW/agendarec1/02/word/09/02/16/LCEWC03_090216.doc,https://lci.ly.gov.tw/LyLCEW/jsp/ldad000.jsp?irKey=&htmlType=agenda&fileName=html/agendarec1/02/09/02/16/LCEWC03_090216.htm,
09,02,17,null,02,https://lci.ly.gov.tw/LyLCEW/agendarec1/02/word/09/02/17/LCEWC03_090217.doc,https://lci.ly.gov.tw/LyLCEW/jsp/ldad000.jsp?irKey=&htmlType=agenda&fileName=html/agendarec1/02/09/02/17/LCEWC03_090217.htm,
09,03,01,null,01,https://lci.ly.gov.tw/LyLCEW/agendarec1/01/word/09/03/01/LCEWC03_090301.doc,https://lci.ly.gov.tw/LyLCEW/jsp/ldad000.jsp?irKey=&htmlType=agenda&fileName=html/agendarec1/01/09/03/01/LCEWC03_090301.htm,
09,03,01,null,02,https://lci.ly.gov.tw/LyLCEW/agendarec1/02/word/09/03/01/LCEWC03_090301.doc,https://lci.ly.gov.tw/LyLCEW/jsp/ldad000.jsp?irKey=&htmlType=agenda&fileName=html/agendarec1/02/09/03/01/LCEWC03_090301.htm,
09,03,01,01,03,https://lci.ly.gov.tw/LyLCEW/agendarec1/03/word/09/03/01/01/LCEWC03_09030101.doc,https://lci.ly.gov.tw/LyLCEW/jsp/ldad000.jsp?irKey=&htmlType=agenda&fileName=html/agendarec1/03/09/03/01/01/LCEWC03_09030101.htm,
09,03,01,02,03,https://lci.ly.gov.tw/LyLCEW/agendarec1/03/word/09/03/01/02/LCEWC03_09030102.doc,https://lci.ly.gov.tw/LyLCEW/jsp/ldad000.jsp?irKey=&htmlType=agenda&fileName=html/agendarec1/03/09/03/01/02/LCEWC03_09030102.htm,
09,03,01,03,03,https://lci.ly.gov.tw/LyLCEW/agendarec1/03/word/09/03/01/03/LCEWC03_09030103.doc,https://lci.ly.gov.tw/LyLCEW/jsp/ldad000.jsp?irKey=&htmlType=agenda&fileName=html/agendarec1/03/09/03/01/03/LCEWC03_09030103.htm,
09,03,01,04,03,https://lci.ly.gov.tw/LyLCEW/agendarec1/03/word/09/03/01/04/LCEWC03_09030104.doc,https://lci.ly.gov.tw/LyLCEW/jsp/ldad000.jsp?irKey=&htmlType=agenda&fileName=html/agendarec1/03/09/03/01/04/LCEWC03_09030104.htm,
09,03,01,null,04,https://lci.ly.gov.tw/LyLCEW/agendarec1/04/word/09/03/01/LCEWC03_090301.doc,https://lci.ly.gov.tw/LyLCEW/jsp/ldad000.jsp?irKey=&htmlType=agenda&fileName=html/agendarec1/04/09/03/01/LCEWC03_090301.htm,
09,03,02,null,02,https://lci.ly.gov.tw/LyLCEW/agendarec1/02/word/09/03/02/LCEWC03_090302.doc,https://lci.ly.gov.tw/LyLCEW/jsp/ldad000.jsp?irKey=&htmlType=agenda&fileName=html/agendarec1/02/09/03/02/LCEWC03_090302.htm,
09,03,02,01,03,https://lci.ly.gov.tw/LyLCEW/agendarec1/03/word/09/03/02/01/LCEWC03_09030201.doc,https://lci.ly.gov.tw/LyLCEW/jsp/ldad000.jsp?irKey=&htmlType=agenda&fileName=html/agendarec1/03/09/03/02/01/LCEWC03_09030201.htm,
09,03,02,02,03,https://lci.ly.gov.tw/LyLCEW/agendarec1/03/word/09/03/02/02/LCEWC03_09030202.doc,https://lci.ly.gov.tw/LyLCEW/jsp/ldad000.jsp?irKey=&htmlType=agenda&fileName=html/agendarec1/03/09/03/02/02/LCEWC03_09030202.htm,
09,03,02,null,04,https://lci.ly.gov.tw/LyLCEW/agendarec1/04/word/09/03/02/LCEWC03_090302.doc,https://lci.ly.gov.tw/LyLCEW/jsp/ldad000.jsp?irKey=&htmlType=agenda&fileName=html/agendarec1/04/09/03/02/LCEWC03_090302.htm,
09,03,03,null,02,https://lci.ly.gov.tw/LyLCEW/agendarec1/02/word/09/03/03/LCEWC03_090303.doc,https://lci.ly.gov.tw/LyLCEW/jsp/ldad000.jsp?irKey=&htmlType=agenda&fileName=html/agendarec1/02/09/03/03/LCEWC03_090303.htm,
09,03,03,01,03,https://lci.ly.gov.tw/LyLCEW/agendarec1/03/word/09/03/03/01/LCEWC03_09030301.doc,https://lci.ly.gov.tw/LyLCEW/jsp/ldad000.jsp?irKey=&htmlType=agenda&fileName=html/agendarec1/03/09/03/03/01/LCEWC03_09030301.htm,
09,03,03,02,03,https://lci.ly.gov.tw/LyLCEW/agendarec1/03/word/09/03/03/02/LCEWC03_09030302.doc,https://lci.ly.gov.tw/LyLCEW/jsp/ldad000.jsp?irKey=&htmlType=agenda&fileName=html/agendarec1/03/09/03/03/02/LCEWC03_09030302.htm,
09,03,03,null,04,https://lci.ly.gov.tw/LyLCEW/agendarec1/04/word/09/03/03/LCEWC03_090303.doc,https://lci.ly.gov.tw/LyLCEW/jsp/ldad000.jsp?irKey=&htmlType=agenda&fileName=html/agendarec1/04/09/03/03/LCEWC03_090303.htm,
09,03,04,null,02,https://lci.ly.gov.tw/LyLCEW/agendarec1/02/word/09/03/04/LCEWC03_090304.doc,https://lci.ly.gov.tw/LyLCEW/jsp/ldad000.jsp?irKey=&htmlType=agenda&fileName=html/agendarec1/02/09/03/04/LCEWC03_090304.htm,
09,03,05,null,02,https://lci.ly.gov.tw/LyLCEW/agendarec1/02/word/09/03/05/LCEWC03_090305.doc,https://lci.ly.gov.tw/LyLCEW/jsp/ldad000.jsp?irKey=&htmlType=agenda&fileName=html/agendarec1/02/09/03/05/LCEWC03_090305.htm,
09,03,06,null,02,https://lci.ly.gov.tw/LyLCEW/agendarec1/02/word/09/03/06/LCEWC03_090306.doc,https://lci.ly.gov.tw/LyLCEW/jsp/ldad000.jsp?irKey=&htmlType=agenda&fileName=html/agendarec1/02/09/03/06/LCEWC03_090306.htm,
09,03,07,null,02,https://lci.ly.gov.tw/LyLCEW/agendarec1/02/word/09/03/07/LCEWC03_090307.doc,https://lci.ly.gov.tw/LyLCEW/jsp/ldad000.jsp?irKey=&htmlType=agenda&fileName=html/agendarec1/02/09/03/07/LCEWC03_090307.htm,
09,03,08,null,02,https://lci.ly.gov.tw/LyLCEW/agendarec1/02/word/09/03/08/LCEWC03_090308.doc,https://lci.ly.gov.tw/LyLCEW/jsp/ldad000.jsp?irKey=&htmlType=agenda&fileName=html/agendarec1/02/09/03/08/LCEWC03_090308.htm,
09,03,09,null,02,https://lci.ly.gov.tw/LyLCEW/agendarec1/02/word/09/03/09/LCEWC03_090309.doc,https://lci.ly.gov.tw/LyLCEW/jsp/ldad000.jsp?irKey=&htmlType=agenda&fileName=html/agendarec1/02/09/03/09/LCEWC03_090309.htm,
09,03,10,null,02,https://lci.ly.gov.tw/LyLCEW/agendarec1/02/word/09/03/10/LCEWC03_090310.doc,https://lci.ly.gov.tw/LyLCEW/jsp/ldad000.jsp?irKey=&htmlType=agenda&fileName=html/agendarec1/02/09/03/10/LCEWC03_090310.htm,
09,03,11,null,02,https://lci.ly.gov.tw/LyLCEW/agendarec1/02/word/09/03/11/LCEWC03_090311.doc,https://lci.ly.gov.tw/LyLCEW/jsp/ldad000.jsp?irKey=&htmlType=agenda&fileName=html/agendarec1/02/09/03/11/LCEWC03_090311.htm,
09,03,12,null,02,https://lci.ly.gov.tw/LyLCEW/agendarec1/02/word/09/03/12/LCEWC03_090312.doc,https://lci.ly.gov.tw/LyLCEW/jsp/ldad000.jsp?irKey=&htmlType=agenda&fileName=html/agendarec1/02/09/03/12/LCEWC03_090312.htm,
09,03,13,null,02,https://lci.ly.gov.tw/LyLCEW/agendarec1/02/word/09/03/13/LCEWC03_090313.doc,https://lci.ly.gov.tw/LyLCEW/jsp/ldad000.jsp?irKey=&htmlType=agenda&fileName=html/agendarec1/02/09/03/13/LCEWC03_090313.htm,
09,03,14,null,02,https://lci.ly.gov.tw/LyLCEW/agendarec1/02/word/09/03/14/LCEWC03_090314.doc,https://lci.ly.gov.tw/LyLCEW/jsp/ldad000.jsp?irKey=&htmlType=agenda&fileName=html/agendarec1/02/09/03/14/LCEWC03_090314.htm,
09,03,15,null,02,https://lci.ly.gov.tw/LyLCEW/agendarec1/02/word/09/03/15/LCEWC03_090315.doc,https://lci.ly.gov.tw/LyLCEW/jsp/ldad000.jsp?irKey=&htmlType=agenda&fileName=html/agendarec1/02/09/03/15/LCEWC03_090315.htm,
09,04,01,null,02,https://lci.ly.gov.tw/LyLCEW/agendarec1/02/word/09/04/01/LCEWC03_090401.doc,https://lci.ly.gov.tw/LyLCEW/jsp/ldad000.jsp?irKey=&htmlType=agenda&fileName=html/agendarec1/02/09/04/01/LCEWC03_090401.htm,
09,04,01,01,03,https://lci.ly.gov.tw/LyLCEW/agendarec1/03/word/09/04/01/01/LCEWC03_09040101.doc,https://lci.ly.gov.tw/LyLCEW/jsp/ldad000.jsp?irKey=&htmlType=agenda&fileName=html/agendarec1/03/09/04/01/01/LCEWC03_09040101.htm,
09,04,01,02,03,https://lci.ly.gov.tw/LyLCEW/agendarec1/03/word/09/04/01/02/LCEWC03_09040102.doc,https://lci.ly.gov.tw/LyLCEW/jsp/ldad000.jsp?irKey=&htmlType=agenda&fileName=html/agendarec1/03/09/04/01/02/LCEWC03_09040102.htm,
09,04,01,null,04,https://lci.ly.gov.tw/LyLCEW/agendarec1/04/word/09/04/01/LCEWC03_090401.doc,https://lci.ly.gov.tw/LyLCEW/jsp/ldad000.jsp?irKey=&htmlType=agenda&fileName=html/agendarec1/04/09/04/01/LCEWC03_090401.htm,
09,04,02,null,02,https://lci.ly.gov.tw/LyLCEW/agendarec1/02/word/09/04/02/LCEWC03_090402.doc,https://lci.ly.gov.tw/LyLCEW/jsp/ldad000.jsp?irKey=&htmlType=agenda&fileName=html/agendarec1/02/09/04/02/LCEWC03_090402.htm,
09,04,03,null,02,https://lci.ly.gov.tw/LyLCEW/agendarec1/02/word/09/04/03/LCEWC03_090403.doc,https://lci.ly.gov.tw/LyLCEW/jsp/ldad000.jsp?irKey=&htmlType=agenda&fileName=html/agendarec1/02/09/04/03/LCEWC03_090403.htm,
09,04,04,null,02,https://lci.ly.gov.tw/LyLCEW/agendarec1/02/word/09/04/04/LCEWC03_090404.doc,https://lci.ly.gov.tw/LyLCEW/jsp/ldad000.jsp?irKey=&htmlType=agenda&fileName=html/agendarec1/02/09/04/04/LCEWC03_090404.htm,
09,04,05,null,02,https://lci.ly.gov.tw/LyLCEW/agendarec1/02/word/09/04/05/LCEWC03_090405.doc,https://lci.ly.gov.tw/LyLCEW/jsp/ldad000.jsp?irKey=&htmlType=agenda&fileName=html/agendarec1/02/09/04/05/LCEWC03_090405.htm,
09,04,06,null,02,https://lci.ly.gov.tw/LyLCEW/agendarec1/02/word/09/04/06/LCEWC03_090406.doc,https://lci.ly.gov.tw/LyLCEW/jsp/ldad000.jsp?irKey=&htmlType=agenda&fileName=html/agendarec1/02/09/04/06/LCEWC03_090406.htm,
09,04,07,null,02,https://lci.ly.gov.tw/LyLCEW/agendarec1/02/word/09/04/07/LCEWC03_090407.doc,https://lci.ly.gov.tw/LyLCEW/jsp/ldad000.jsp?irKey=&htmlType=agenda&fileName=html/agendarec1/02/09/04/07/LCEWC03_090407.htm,
09,04,08,null,02,https://lci.ly.gov.tw/LyLCEW/agendarec1/02/word/09/04/08/LCEWC03_090408.doc,https://lci.ly.gov.tw/LyLCEW/jsp/ldad000.jsp?irKey=&htmlType=agenda&fileName=html/agendarec1/02/09/04/08/LCEWC03_090408.htm,
09,04,09,null,02,https://lci.ly.gov.tw/LyLCEW/agendarec1/02/word/09/04/09/LCEWC03_090409.doc,https://lci.ly.gov.tw/LyLCEW/jsp/ldad000.jsp?irKey=&htmlType=agenda&fileName=html/agendarec1/02/09/04/09/LCEWC03_090409.htm,
09,04,10,null,02,https://lci.ly.gov.tw/LyLCEW/agendarec1/02/word/09/04/10/LCEWC03_090410.doc,https://lci.ly.gov.tw/LyLCEW/jsp/ldad000.jsp?irKey=&htmlType=agenda&fileName=html/agendarec1/02/09/04/10/LCEWC03_090410.htm,
09,04,11,null,02,https://lci.ly.gov.tw/LyLCEW/agendarec1/02/word/09/04/11/LCEWC03_090411.doc,https://lci.ly.gov.tw/LyLCEW/jsp/ldad000.jsp?irKey=&htmlType=agenda&fileName=html/agendarec1/02/09/04/11/LCEWC03_090411.htm,
09,04,12,null,02,https://lci.ly.gov.tw/LyLCEW/agendarec1/02/word/09/04/12/LCEWC03_090412.doc,https://lci.ly.gov.tw/LyLCEW/jsp/ldad000.jsp?irKey=&htmlType=agenda&fileName=html/agendarec1/02/09/04/12/LCEWC03_090412.htm,
09,04,13,null,02,https://lci.ly.gov.tw/LyLCEW/agendarec1/02/word/09/04/13/LCEWC03_090413.doc,https://lci.ly.gov.tw/LyLCEW/jsp/ldad000.jsp?irKey=&htmlType=agenda&fileName=html/agendarec1/02/09/04/13/LCEWC03_090413.htm,
09,04,14,null,02,https://lci.ly.gov.tw/LyLCEW/agendarec1/02/word/09/04/14/LCEWC03_090414.doc,https://lci.ly.gov.tw/LyLCEW/jsp/ldad000.jsp?irKey=&htmlType=agenda&fileName=html/agendarec1/02/09/04/14/LCEWC03_090414.htm,
09,04,15,null,02,https://lci.ly.gov.tw/LyLCEW/agendarec1/02/word/09/04/15/LCEWC03_090415.doc,https://lci.ly.gov.tw/LyLCEW/jsp/ldad000.jsp?irKey=&htmlType=agenda&fileName=html/agendarec1/02/09/04/15/LCEWC03_090415.htm,
09,05,01,null,02,https://lci.ly.gov.tw/LyLCEW/agendarec1/02/word/09/05/01/LCEWC03_090501.doc,https://lci.ly.gov.tw/LyLCEW/jsp/ldad000.jsp?irKey=&htmlType=agenda&fileName=html/agendarec1/02/09/05/01/LCEWC03_090501.htm,
09,05,01,01,03,https://lci.ly.gov.tw/LyLCEW/agendarec1/03/word/09/05/01/01/LCEWC03_09050101.doc,https://lci.ly.gov.tw/LyLCEW/jsp/ldad000.jsp?irKey=&htmlType=agenda&fileName=html/agendarec1/03/09/05/01/01/LCEWC03_09050101.htm,
09,05,01,02,03,https://lci.ly.gov.tw/LyLCEW/agendarec1/03/word/09/05/01/02/LCEWC03_09050102.doc,https://lci.ly.gov.tw/LyLCEW/jsp/ldad000.jsp?irKey=&htmlType=agenda&fileName=html/agendarec1/03/09/05/01/02/LCEWC03_09050102.htm,
09,05,01,03,03,https://lci.ly.gov.tw/LyLCEW/agendarec1/03/word/09/05/01/03/LCEWC03_09050103.doc,https://lci.ly.gov.tw/LyLCEW/jsp/ldad000.jsp?irKey=&htmlType=agenda&fileName=html/agendarec1/03/09/05/01/03/LCEWC03_09050103.htm,
09,05,01,null,04,https://lci.ly.gov.tw/LyLCEW/agendarec1/04/word/09/05/01/LCEWC03_090501.doc,https://lci.ly.gov.tw/LyLCEW/jsp/ldad000.jsp?irKey=&htmlType=agenda&fileName=html/agendarec1/04/09/05/01/LCEWC03_090501.htm,
09,05,02,null,02,https://lci.ly.gov.tw/LyLCEW/agendarec1/02/word/09/05/02/LCEWC03_090502.doc,https://lci.ly.gov.tw/LyLCEW/jsp/ldad000.jsp?irKey=&htmlType=agenda&fileName=html/agendarec1/02/09/05/02/LCEWC03_090502.htm,
09,05,03,null,02,https://lci.ly.gov.tw/LyLCEW/agendarec1/02/word/09/05/03/LCEWC03_090503.doc,https://lci.ly.gov.tw/LyLCEW/jsp/ldad000.jsp?irKey=&htmlType=agenda&fileName=html/agendarec1/02/09/05/03/LCEWC03_090503.htm,
09,05,04,null,02,https://lci.ly.gov.tw/LyLCEW/agendarec1/02/word/09/05/04/LCEWC03_090504.doc,https://lci.ly.gov.tw/LyLCEW/jsp/ldad000.jsp?irKey=&htmlType=agenda&fileName=html/agendarec1/02/09/05/04/LCEWC03_090504.htm,
09,05,05,null,02,https://lci.ly.gov.tw/LyLCEW/agendarec1/02/word/09/05/05/LCEWC03_090505.doc,https://lci.ly.gov.tw/LyLCEW/jsp/ldad000.jsp?irKey=&htmlType=agenda&fileName=html/agendarec1/02/09/05/05/LCEWC03_090505.htm,
09,05,06,null,02,https://lci.ly.gov.tw/LyLCEW/agendarec1/02/word/09/05/06/LCEWC03_090506.doc,https://lci.ly.gov.tw/LyLCEW/jsp/ldad000.jsp?irKey=&htmlType=agenda&fileName=html/agendarec1/02/09/05/06/LCEWC03_090506.htm,
09,05,07,null,02,https://lci.ly.gov.tw/LyLCEW/agendarec1/02/word/09/05/07/LCEWC03_090507.doc,https://lci.ly.gov.tw/LyLCEW/jsp/ldad000.jsp?irKey=&htmlType=agenda&fileName=html/agendarec1/02/09/05/07/LCEWC03_090507.htm,
09,05,08,null,02,https://lci.ly.gov.tw/LyLCEW/agendarec1/02/word/09/05/08/LCEWC03_090508.doc,https://lci.ly.gov.tw/LyLCEW/jsp/ldad000.jsp?irKey=&htmlType=agenda&fileName=html/agendarec1/02/09/05/08/LCEWC03_090508.htm,
09,05,09,null,02,https://lci.ly.gov.tw/LyLCEW/agendarec1/02/word/09/05/09/LCEWC03_090509.doc,https://lci.ly.gov.tw/LyLCEW/jsp/ldad000.jsp?irKey=&htmlType=agenda&fileName=html/agendarec1/02/09/05/09/LCEWC03_090509.htm,
09,05,10,null,02,https://lci.ly.gov.tw/LyLCEW/agendarec1/02/word/09/05/10/LCEWC03_090510.doc,https://lci.ly.gov.tw/LyLCEW/jsp/ldad000.jsp?irKey=&htmlType=agenda&fileName=html/agendarec1/02/09/05/10/LCEWC03_090510.htm,
09,05,11,null,02,https://lci.ly.gov.tw/LyLCEW/agendarec1/02/word/09/05/11/LCEWC03_090511.doc,https://lci.ly.gov.tw/LyLCEW/jsp/ldad000.jsp?irKey=&htmlType=agenda&fileName=html/agendarec1/02/09/05/11/LCEWC03_090511.htm,
09,05,12,null,02,https://lci.ly.gov.tw/LyLCEW/agendarec1/02/word/09/05/12/LCEWC03_090512.doc,https://lci.ly.gov.tw/LyLCEW/jsp/ldad000.jsp?irKey=&htmlType=agenda&fileName=html/agendarec1/02/09/05/12/LCEWC03_090512.htm,
09,05,13,null,02,https://lci.ly.gov.tw/LyLCEW/agendarec1/02/word/09/05/13/LCEWC03_090513.doc,https://lci.ly.gov.tw/LyLCEW/jsp/ldad000.jsp?irKey=&htmlType=agenda&fileName=html/agendarec1/02/09/05/13/LCEWC03_090513.htm,
09,05,14,null,02,https://lci.ly.gov.tw/LyLCEW/agendarec1/02/word/09/05/14/LCEWC03_090514.doc,https://lci.ly.gov.tw/LyLCEW/jsp/ldad000.jsp?irKey=&htmlType=agenda&fileName=html/agendarec1/02/09/05/14/LCEWC03_090514.htm,
09,06,01,null,02,https://lci.ly.gov.tw/LyLCEW/agendarec1/04/word/09/06/01/LCEWC03_090601.doc,https://lci.ly.gov.tw/LyLCEW/jsp/ldad000.jsp?irKey=&htmlType=agenda&fileName=html/agendarec1/04/09/06/01/LCEWC03_090601.htm,
09,06,01,null,04,https://lci.ly.gov.tw/LyLCEW/agendarec1/04/word/09/06/01/LCEWC03_090601.doc,https://lci.ly.gov.tw/LyLCEW/jsp/ldad000.jsp?irKey=&htmlType=agenda&fileName=html/agendarec1/04/09/06/01/LCEWC03_090601.htm,
09,06,02,null,02,https://lci.ly.gov.tw/LyLCEW/agendarec1/02/word/09/06/02/LCEWC03_090602.doc,https://lci.ly.gov.tw/LyLCEW/jsp/ldad000.jsp?irKey=&htmlType=agenda&fileName=html/agendarec1/02/09/06/02/LCEWC03_090602.htm,
09,06,03,null,02,https://lci.ly.gov.tw/LyLCEW/agendarec1/02/word/09/06/03/LCEWC03_090603.doc,https://lci.ly.gov.tw/LyLCEW/jsp/ldad000.jsp?irKey=&htmlType=agenda&fileName=html/agendarec1/02/09/06/03/LCEWC03_090603.htm,
09,06,04,null,02,https://lci.ly.gov.tw/LyLCEW/agendarec1/02/word/09/06/04/LCEWC03_090604.doc,https://lci.ly.gov.tw/LyLCEW/jsp/ldad000.jsp?irKey=&htmlType=agenda&fileName=html/agendarec1/02/09/06/04/LCEWC03_090604.htm,
09,06,05,null,02,https://lci.ly.gov.tw/LyLCEW/agendarec1/02/word/09/06/05/LCEWC03_090605.doc,https://lci.ly.gov.tw/LyLCEW/jsp/ldad000.jsp?irKey=&htmlType=agenda&fileName=html/agendarec1/02/09/06/05/LCEWC03_090605.htm,
